[
{"GOODS_ID": ["2538439"], "GOODS_NAME": ["Apple iPad Pro\u5e73\u677f\u7535\u8111 9.7 \u82f1\u5bf8\uff0832G WLAN\u7248/A9X\u82af\u7247/Retina\u663e\u793a\u5c4f/Multi-Touch\u6280\u672fMM172CH\uff09\u73ab\u7470\u91d1\u8272"], "GOODS_PRICE": ["4288.00"], "GOODS_URL": "http://item.jd.com/2538439.html", "SHOP_NAME": "\u4eac\u4e1cApple\u4ea7\u54c1\u4e13\u8425\u5e97", "SHOP_URL": "http://apple.jd.com/"},
{"GOODS_ID": ["11830925329"], "GOODS_NAME": ["\u3010\u4eac\u4e1c\u4ed3\u914d \u6652\u5355\u9001\u8c6a\u793c\u3011\u82f9\u679cApple \u65b0\u6b3eiPad\u5e73\u677f\u7535\u8111 air2\u66f4\u65b0\u72489.7\u82f1\u5bf8 \u91d1\u8272 \u65b0\u6b3e128G WLAN\u7248+\u76ae\u5957+\u94a2\u5316\u819c"], "GOODS_PRICE": ["3348.00"], "GOODS_URL": "http://item.jd.com/11830925329.html", "SHOP_NAME": "\u4eac\u4e1cApple\u4ea7\u54c1\u4e13\u8425\u5e97", "SHOP_URL": "http://apple.jd.com/"},
{"GOODS_ID": ["5222158"], "GOODS_NAME": ["Apple iPad Pro \u5e73\u677f\u7535\u8111 10.5 \u82f1\u5bf8\uff08256G WLAN\u7248/A10X\u82af\u7247/Retina\u5c4f/Multi-Touch\u6280\u672f MPF12CH/A\uff09\u91d1\u8272"], "GOODS_PRICE": ["5688.00"], "GOODS_URL": "http://item.jd.com/5222158.html", "SHOP_NAME": "\u4eac\u4e1cApple\u4ea7\u54c1\u4e13\u8425\u5e97", "SHOP_URL": "http://apple.jd.com/"},
{"GOODS_ID": ["5222158"], "GOODS_NAME": ["Apple iPad Pro \u5e73\u677f\u7535\u8111 10.5 \u82f1\u5bf8\uff08256G WLAN\u7248/A10X\u82af\u7247/Retina\u5c4f/Multi-Touch\u6280\u672f MPF12CH/A\uff09\u91d1\u8272"], "GOODS_PRICE": ["5688.00"], "GOODS_URL": "http://item.jd.com/5222158.html", "SHOP_NAME": "\u4eac\u4e1cApple\u4ea7\u54c1\u4e13\u8425\u5e97", "SHOP_URL": "http://apple.jd.com/"},
{"GOODS_ID": ["5222158"], "GOODS_NAME": ["Apple iPad Pro \u5e73\u677f\u7535\u8111 10.5 \u82f1\u5bf8\uff08256G WLAN\u7248/A10X\u82af\u7247/Retina\u5c4f/Multi-Touch\u6280\u672f MPF12CH/A\uff09\u91d1\u8272"], "GOODS_PRICE": ["5688.00"], "GOODS_URL": "http://item.jd.com/5222158.html", "SHOP_NAME": "\u4eac\u4e1cApple\u4ea7\u54c1\u4e13\u8425\u5e97", "SHOP_URL": "http://apple.jd.com/"},
{"GOODS_ID": ["4325429"], "GOODS_NAME": ["Apple iPad Pro \u5e73\u677f\u7535\u8111 10.5 \u82f1\u5bf8\uff0864G WLAN\u7248/A10X\u82af\u7247/Retina\u5c4f/Multi-Touch\u6280\u672f MQDX2CH/A\uff09\u91d1\u8272"], "GOODS_PRICE": ["4888.00"], "GOODS_URL": "http://item.jd.com/4325429.html", "SHOP_NAME": "\u4eac\u4e1cApple\u4ea7\u54c1\u4e13\u8425\u5e97", "SHOP_URL": "http://apple.jd.com/"},
{"GOODS_ID": ["4325429"], "GOODS_NAME": ["Apple iPad Pro \u5e73\u677f\u7535\u8111 10.5 \u82f1\u5bf8\uff0864G WLAN\u7248/A10X\u82af\u7247/Retina\u5c4f/Multi-Touch\u6280\u672f MQDX2CH/A\uff09\u91d1\u8272"], "GOODS_PRICE": ["4888.00"], "GOODS_URL": "http://item.jd.com/4325429.html", "SHOP_NAME": "\u4eac\u4e1cApple\u4ea7\u54c1\u4e13\u8425\u5e97", "SHOP_URL": "http://apple.jd.com/"},
{"GOODS_ID": ["11714725283"], "GOODS_NAME": ["\u3010\u4eac\u4e1c\u4ed3\u914d \u6652\u5355\u9001\u8c6a\u793c\u3011\u82f9\u679cApple \u65b0\u6b3eiPad\u5e73\u677f\u7535\u8111 air2\u66f4\u65b0\u72489.7\u82f1\u5bf8 \u91d1\u8272 \u65b0\u6b3eipad 128G WLAN\u7248"], "GOODS_PRICE": ["3288.00"], "GOODS_URL": "http://item.jd.com/11714725283.html", "SHOP_NAME": "\u4eac\u4e1cApple\u4ea7\u54c1\u4e13\u8425\u5e97", "SHOP_URL": "http://apple.jd.com/"},
{"GOODS_ID": ["4325385"], "GOODS_NAME": ["Apple iPad Pro \u5e73\u677f\u7535\u8111 10.5 \u82f1\u5bf8\uff08256G WLAN\u7248/A10X\u82af\u7247/Retina\u5c4f/Multi-Touch\u6280\u672f MPF22CH/A\uff09\u73ab\u7470\u91d1\u8272"], "GOODS_PRICE": ["5688.00"], "GOODS_URL": "http://item.jd.com/4325385.html", "SHOP_NAME": "\u79d1\u65cf\u6570\u7801\u4e13\u8425\u5e97", "SHOP_URL": "http://huaweikezu.jd.com"},
{"GOODS_ID": ["4325385"], "GOODS_NAME": ["Apple iPad Pro \u5e73\u677f\u7535\u8111 10.5 \u82f1\u5bf8\uff08256G WLAN\u7248/A10X\u82af\u7247/Retina\u5c4f/Multi-Touch\u6280\u672f MPF22CH/A\uff09\u73ab\u7470\u91d1\u8272"], "GOODS_PRICE": ["5688.00"], "GOODS_URL": "http://item.jd.com/4325385.html", "SHOP_NAME": "\u4eac\u4e1cApple\u4ea7\u54c1\u4e13\u8425\u5e97", "SHOP_URL": "http://apple.jd.com/"},
{"GOODS_ID": ["11712316433"], "GOODS_NAME": ["\u82f9\u679c/Apple iPad \u5e73\u677f\u7535\u8111 9.7\u82f1\u5bf8 \u65b0iPad Air2 \u5347\u7ea7\u7248 \u91d1\u8272 \u65b0iPad 32G WLAN\u7248"], "GOODS_PRICE": ["2448.00"], "GOODS_URL": "http://item.jd.com/11712316433.html", "SHOP_NAME": "\u4eac\u4e1cApple\u4ea7\u54c1\u4e13\u8425\u5e97", "SHOP_URL": "http://apple.jd.com/"},
{"GOODS_ID": ["11712316433"], "GOODS_NAME": ["\u82f9\u679c/Apple iPad \u5e73\u677f\u7535\u8111 9.7\u82f1\u5bf8 \u65b0iPad Air2 \u5347\u7ea7\u7248 \u91d1\u8272 \u65b0iPad 32G WLAN\u7248"], "GOODS_PRICE": ["2448.00"], "GOODS_URL": "http://item.jd.com/11712316433.html", "SHOP_NAME": "\u4eac\u4e1cApple\u4ea7\u54c1\u4e13\u8425\u5e97", "SHOP_URL": "http://apple.jd.com/"},
{"GOODS_ID": ["4325399"], "GOODS_NAME": ["Apple iPad Pro \u5e73\u677f\u7535\u8111 10.5 \u82f1\u5bf8\uff08256G WLAN\u7248/A10X\u82af\u7247/Retina\u5c4f/Multi-Touch\u6280\u672f MPDY2CH/A\uff09\u6df1\u7a7a\u7070\u8272"], "GOODS_PRICE": ["5688.00"], "GOODS_URL": "http://item.jd.com/4325399.html", "SHOP_NAME": "\u79d1\u65cf\u6570\u7801\u4e13\u8425\u5e97", "SHOP_URL": "http://huaweikezu.jd.com"},
{"GOODS_ID": ["4325399"], "GOODS_NAME": ["Apple iPad Pro \u5e73\u677f\u7535\u8111 10.5 \u82f1\u5bf8\uff08256G WLAN\u7248/A10X\u82af\u7247/Retina\u5c4f/Multi-Touch\u6280\u672f MPDY2CH/A\uff09\u6df1\u7a7a\u7070\u8272"], "GOODS_PRICE": ["5688.00"], "GOODS_URL": "http://item.jd.com/4325399.html", "SHOP_NAME": "\u4eac\u4e1cApple\u4ea7\u54c1\u4e13\u8425\u5e97", "SHOP_URL": "http://apple.jd.com/"},
{"GOODS_ID": ["4325399"], "GOODS_NAME": ["Apple iPad Pro \u5e73\u677f\u7535\u8111 10.5 \u82f1\u5bf8\uff08256G WLAN\u7248/A10X\u82af\u7247/Retina\u5c4f/Multi-Touch\u6280\u672f MPDY2CH/A\uff09\u6df1\u7a7a\u7070\u8272"], "GOODS_PRICE": ["5688.00"], "GOODS_URL": "http://item.jd.com/4325399.html", "SHOP_NAME": "\u4eac\u4e1cApple\u4ea7\u54c1\u4e13\u8425\u5e97", "SHOP_URL": "http://apple.jd.com/"},
{"GOODS_ID": ["11714725282"], "GOODS_NAME": ["\u3010\u4eac\u4e1c\u4ed3\u914d \u6652\u5355\u9001\u8c6a\u793c\u3011\u82f9\u679cApple \u65b0\u6b3eiPad\u5e73\u677f\u7535\u8111 air2\u66f4\u65b0\u72489.7\u82f1\u5bf8 \u94f6\u8272 \u65b0\u6b3eipad 128G WLAN\u7248"], "GOODS_PRICE": ["3308.00"], "GOODS_URL": "http://item.jd.com/11714725282.html", "SHOP_NAME": "Apple\u7231\u987a\u4e13\u5356\u5e97", "SHOP_URL": "http://mall.jd.com/index-615456.html"},
{"GOODS_ID": ["5222160"], "GOODS_NAME": ["Apple iPad Pro \u5e73\u677f\u7535\u8111 10.5 \u82f1\u5bf8\uff0864G WLAN\u7248/A10X\u82af\u7247/Retina\u5c4f/Multi-Touch\u6280\u672f MQDW2CH/A\uff09\u94f6\u8272"], "GOODS_PRICE": ["4888.00"], "GOODS_URL": "http://item.jd.com/5222160.html", "SHOP_NAME": "\u4eac\u4e1cApple\u4ea7\u54c1\u4e13\u8425\u5e97", "SHOP_URL": "http://apple.jd.com/"},
{"GOODS_ID": ["5222160"], "GOODS_NAME": ["Apple iPad Pro \u5e73\u677f\u7535\u8111 10.5 \u82f1\u5bf8\uff0864G WLAN\u7248/A10X\u82af\u7247/Retina\u5c4f/Multi-Touch\u6280\u672f MQDW2CH/A\uff09\u94f6\u8272"], "GOODS_PRICE": ["4888.00"], "GOODS_URL": "http://item.jd.com/5222160.html", "SHOP_NAME": "\u4eac\u4e1cApple\u4ea7\u54c1\u4e13\u8425\u5e97", "SHOP_URL": "http://apple.jd.com/"},
{"GOODS_ID": ["11830925327"], "GOODS_NAME": ["\u3010\u4eac\u4e1c\u4ed3\u914d \u6652\u5355\u9001\u8c6a\u793c\u3011\u82f9\u679cApple \u65b0\u6b3eiPad\u5e73\u677f\u7535\u8111 air2\u66f4\u65b0\u72489.7\u82f1\u5bf8 \u91d1\u8272 \u65b0\u6b3e32G WLAN\u7248+\u76ae\u5957+\u94a2\u5316\u819c"], "GOODS_PRICE": ["2508.00"], "GOODS_URL": "http://item.jd.com/11830925327.html", "SHOP_NAME": "\u79d1\u65cf\u6570\u7801\u4e13\u8425\u5e97", "SHOP_URL": "http://huaweikezu.jd.com"},
{"GOODS_ID": ["11830925327"], "GOODS_NAME": ["\u3010\u4eac\u4e1c\u4ed3\u914d \u6652\u5355\u9001\u8c6a\u793c\u3011\u82f9\u679cApple \u65b0\u6b3eiPad\u5e73\u677f\u7535\u8111 air2\u66f4\u65b0\u72489.7\u82f1\u5bf8 \u91d1\u8272 \u65b0\u6b3e32G WLAN\u7248+\u76ae\u5957+\u94a2\u5316\u819c"], "GOODS_PRICE": ["2508.00"], "GOODS_URL": "http://item.jd.com/11830925327.html", "SHOP_NAME": "\u79d1\u65cf\u6570\u7801\u4e13\u8425\u5e97", "SHOP_URL": "http://huaweikezu.jd.com"},
{"GOODS_ID": ["11302227142"], "GOODS_NAME": ["\u3010\u4eac\u4e1c\u4ed3\u76f4\u53d1 \u6652\u5355\u9001\u8c6a\u793c\u3011Apple \u82f9\u679c iPad mini 4 \u5e73\u677f\u7535\u8111 7.9\u82f1\u5bf8 \u91d1\u8272 128G WLAN\u7248-\u6807\u914d"], "GOODS_PRICE": ["3038.00"], "GOODS_URL": "http://item.jd.com/11302227142.html", "SHOP_NAME": "\u4eac\u4e1cApple\u4ea7\u54c1\u4e13\u8425\u5e97", "SHOP_URL": "http://apple.jd.com/"},
{"GOODS_ID": ["10873632592"], "GOODS_NAME": ["Apple iPad Air2\u5347\u7ea7\u7248 \u82f9\u679c\u5e73\u677f\u7535\u8111 9.7\u82f1\u5bf8 \u91d1\u8272 \u65b0\u6b3eiPad 32G WLAN\u7248"], "GOODS_PRICE": ["2448.00"], "GOODS_URL": "http://item.jd.com/10873632592.html", "SHOP_NAME": "\u79d1\u65cf\u6570\u7801\u4e13\u8425\u5e97", "SHOP_URL": "http://huaweikezu.jd.com"},
{"GOODS_ID": ["11302227161"], "GOODS_NAME": ["\u3010\u4eac\u4e1c\u4ed3\u76f4\u53d1 \u6652\u5355\u9001\u8c6a\u793c\u3011Apple \u82f9\u679c iPad mini 4 \u5e73\u677f\u7535\u8111 7.9\u82f1\u5bf8 \u91d1\u8272 128G WLAN\u7248+\u76ae\u5957+\u94a2\u5316\u819c"], "GOODS_PRICE": ["3098.00"], "GOODS_URL": "http://item.jd.com/11302227161.html", "SHOP_NAME": "\u79d1\u65cf\u6570\u7801\u4e13\u8425\u5e97", "SHOP_URL": "http://huaweikezu.jd.com"},
{"GOODS_ID": ["4669010"], "GOODS_NAME": ["Apple iPad Pro \u5e73\u677f\u7535\u8111 10.5 \u82f1\u5bf8\uff08512G WLAN\u7248/A10X\u82af\u7247/Retina\u5c4f/Multi-Touch\u6280\u672f MPGL2CH/A\uff09\u73ab\u7470\u91d1\u8272"], "GOODS_PRICE": ["7288.00"], "GOODS_URL": "http://item.jd.com/4669010.html", "SHOP_NAME": "\u79d1\u65cf\u6570\u7801\u4e13\u8425\u5e97", "SHOP_URL": "http://huaweikezu.jd.com"},
{"GOODS_ID": ["4669010"], "GOODS_NAME": ["Apple iPad Pro \u5e73\u677f\u7535\u8111 10.5 \u82f1\u5bf8\uff08512G WLAN\u7248/A10X\u82af\u7247/Retina\u5c4f/Multi-Touch\u6280\u672f MPGL2CH/A\uff09\u73ab\u7470\u91d1\u8272"], "GOODS_PRICE": ["7288.00"], "GOODS_URL": "http://item.jd.com/4669010.html", "SHOP_NAME": "\u79d1\u65cf\u6570\u7801\u4e13\u8425\u5e97", "SHOP_URL": "http://huaweikezu.jd.com"},
{"GOODS_ID": ["4669010"], "GOODS_NAME": ["Apple iPad Pro \u5e73\u677f\u7535\u8111 10.5 \u82f1\u5bf8\uff08512G WLAN\u7248/A10X\u82af\u7247/Retina\u5c4f/Multi-Touch\u6280\u672f MPGL2CH/A\uff09\u73ab\u7470\u91d1\u8272"], "GOODS_PRICE": ["7288.00"], "GOODS_URL": "http://item.jd.com/4669010.html", "SHOP_NAME": "", "SHOP_URL": "http://item.jd.com/10376556435.html"},
{"GOODS_ID": ["4669010"], "GOODS_NAME": ["Apple iPad Pro \u5e73\u677f\u7535\u8111 10.5 \u82f1\u5bf8\uff08512G WLAN\u7248/A10X\u82af\u7247/Retina\u5c4f/Multi-Touch\u6280\u672f MPGL2CH/A\uff09\u73ab\u7470\u91d1\u8272"], "GOODS_PRICE": ["7288.00"], "GOODS_URL": "http://item.jd.com/4669010.html", "SHOP_NAME": "\u4eac\u4e1cApple\u4ea7\u54c1\u4e13\u8425\u5e97", "SHOP_URL": "http://apple.jd.com/"},
{"GOODS_ID": ["4669010"], "GOODS_NAME": ["Apple iPad Pro \u5e73\u677f\u7535\u8111 10.5 \u82f1\u5bf8\uff08512G WLAN\u7248/A10X\u82af\u7247/Retina\u5c4f/Multi-Touch\u6280\u672f MPGL2CH/A\uff09\u73ab\u7470\u91d1\u8272"], "GOODS_PRICE": ["7288.00"], "GOODS_URL": "http://item.jd.com/4669010.html", "SHOP_NAME": "\u79d1\u65cf\u6570\u7801\u4e13\u8425\u5e97", "SHOP_URL": "http://huaweikezu.jd.com"}
]